nama,deskripsi,slogan,email_penjual
mission-critical Baby,Re-engineered object-oriented protocol,whiteboard innovative synergies,skleisle1q@mayoclinic.com
Customer-focused Kids,Phased systemic capability,engage wireless partnerships,dswansborough2o@harvard.edu
installation Computers,Enterprise-wide context-sensitive workforce,exploit killer metrics,acallum26@jiathis.com
non-volatile Games,Cross-group methodical infrastructure,enhance virtual relationships,fcrone1@addtoany.com
Customizable Shoes,Secured 3rd generation function,morph distributed methodologies,oben17@mozilla.com
holistic Shoes,Re-engineered bottom-line installation,extend next-generation synergies,droistonea@archive.org
bottom-line Computers,Triple-buffered client-server leverage,seize open-source e-business,cdufore1w@ucoz.ru
Re-contextualized Automotive,Optional holistic website,reinvent real-time systems,fkingsworth2d@ox.ac.uk
Future-proofed Toys,Enhanced bifurcated analyzer,enhance leading-edge deliverables,cduncanson2e@mayoclinic.com
instruction set Beauty,Business-focused human-resource solution,strategize virtual solutions,lchristoforo@house.gov
reciprocal Health,Realigned systemic throughput,drive seamless bandwidth,tmeader1n@fotki.com
actuating Outdoors,Self-enabling cohesive paradigm,leverage leading-edge content,cduncanson2e@mayoclinic.com
frame Beauty,Adaptive fresh-thinking standardization,morph sticky e-business,cbrickhill27@skyrock.com
conglomeration Jewelery,Networked contextually-based array,optimize open-source solutions,oben17@mozilla.com
Realigned Books,De-engineered static task-force,architect user-centric schemas,rarunowiczk@shinystat.com
frame Computers,Self-enabling encompassing toolset,facilitate proactive bandwidth,mbayford1u@slideshare.net
software Books,Multi-channelled incremental moderator,aggregate next-generation ROI,acheetam2m@is.gd
Secured Baby,Team-oriented homogeneous focus group,envisioneer cross-media platforms,lbambra1c@a8.net
alliance Toys,Pre-emptive 24/7 groupware,target seamless methodologies,ggeroldl@imgur.com
functionalities Home,Distributed hybrid policy,extend cross-media systems,tmeader1n@fotki.com
Organic Electronics,Open-source contextually-based application,morph magnetic e-markets,dswansborough2o@harvard.edu
Implemented Games,Realigned national application,incentivize back-end bandwidth,jspenleyh@cisco.com
approach Kids,Digitized zero administration knowledge base,strategize transparent solutions,aparkman1a@blogtalkradio.com
monitoring Books,Expanded dedicated policy,implement next-generation e-business,spabelik1e@ibm.com
knowledge base Games,Balanced context-sensitive knowledge user,seize impactful partnerships,rsatcheru@jalbum.net
Future-proofed Baby,Multi-channelled fault-tolerant system engine,cultivate end-to-end portals,mheildsi@yahoo.co.jp
software Music,De-engineered local core,e-enable leading-edge paradigms,jisworth1m@sourceforge.net
Decentralized Grocery,Networked zero defect open system,engineer collaborative paradigms,tselbyn@hhs.gov
service-desk Tools,Managed responsive array,visualize interactive solutions,adanbrook28@java.com
asynchronous Industrial,Organic context-sensitive complexity,reinvent back-end infrastructures,acallum26@jiathis.com
empowering Electronics,Networked human-resource model,architect cutting-edge solutions,cbrickhill27@skyrock.com
Robust Garden,Visionary exuding utilisation,facilitate open-source methodologies,jeakley2k@yolasite.com
radical Movies,Advanced uniform service-desk,enable innovative metrics,jeakley2k@yolasite.com
complexity Tools,Digitized impactful project,disintermediate value-added e-commerce,lkyston1l@unblog.fr
functionalities Home,Centralized human-resource knowledge base,evolve strategic deliverables,fcrone1@addtoany.com
bandwidth-monitored Industrial,Organized uniform structure,cultivate e-business communities,aranyard18@springer.com
Compatible Outdoors,Virtual attitude-oriented system engine,brand clicks-and-mortar vortals,cfarringtonq@bbb.org
grid-enabled Music,Visionary encompassing paradigm,recontextualize value-added e-markets,cdufore1w@ucoz.ru
Robust Home,Persistent foreground parallelism,cultivate e-business solutions,lchristoforo@house.gov
Ameliorated Movies,Stand-alone tertiary open architecture,seize e-business bandwidth,cduncanson2e@mayoclinic.com
Business-focused Jewelery,Streamlined encompassing archive,scale one-to-one applications,djessope2i@yellowpages.com
Quality-focused Music,Public-key radical projection,strategize interactive synergies,vpowder1r@ucoz.ru
analyzing Computers,Multi-tiered context-sensitive migration,facilitate killer users,obartoszinskiy@jalbum.net
algorithm Music,Reactive 24/7 application,synthesize visionary applications,dsparrowhawk1k@odnoklassniki.ru
project Tools,Front-line maximized toolset,exploit interactive action-items,vback9@tamu.edu
task-force Movies,Fundamental bifurcated encryption,whiteboard intuitive paradigms,hwillden1i@fastcompany.com
real-time Automotive,Cloned cohesive website,visualize bleeding-edge ROI,jisworth1m@sourceforge.net
Persevering Outdoors,Exclusive background interface,reintermediate wireless experiences,rdelacourt1f@smh.com.au
concept Industrial,Multi-lateral value-added throughput,facilitate robust infrastructures,vback9@tamu.edu
explicit Clothing,Inverse zero defect structure,enhance interactive ROI,aparkman1a@blogtalkradio.com
empowering Books,Multi-lateral uniform groupware,utilize open-source solutions,skleisle1q@mayoclinic.com
time-frame Health,Versatile non-volatile initiative,synthesize cutting-edge content,fkingsworth2d@ox.ac.uk
circuit Automotive,Persistent national monitoring,reinvent dot-com models,cfarringtonq@bbb.org
system engine Computers,Optional mobile intranet,iterate holistic systems,rsatcheru@jalbum.net
Implemented Grocery,Profit-focused dedicated intranet,utilize viral web-readiness,akyrkemans@sohu.com
analyzer Computers,Inverse client-driven adapter,generate viral web services,rtrevain2c@posterous.com
Multi-tiered Health,Re-engineered human-resource attitude,optimize end-to-end experiences,lbambra1c@a8.net
solution-oriented Electronics,Diverse demand-driven interface,transform front-end infomediaries,hsealey2b@dagondesign.com
eco-centric Outdoors,Object-based responsive focus group,benchmark virtual bandwidth,mbayford1u@slideshare.net
algorithm Garden,Proactive static archive,optimize transparent e-tailers,fkingsworth2d@ox.ac.uk
methodical Automotive,Synergized next generation knowledge base,cultivate scalable models,cmiddler2g@flickr.com
tertiary Home,Re-contextualized optimal parallelism,architect plug-and-play solutions,sblevin23@webnode.com
global Tools,Centralized leading edge synergy,streamline value-added paradigms,adanbrook28@java.com
task-force Garden,Cross-group client-server moderator,generate user-centric solutions,dswansborough2o@harvard.edu
mission-critical Electronics,Vision-oriented regional application,iterate dot-com models,hfoley2p@istockphoto.com
Up-sized Movies,Exclusive stable concept,transition integrated technologies,sblevin23@webnode.com
standardization Automotive,Function-based logistical toolset,architect seamless web services,sblevin23@webnode.com
solution-oriented Baby,Customer-focused background utilisation,evolve open-source partnerships,hfoley2p@istockphoto.com
Centralized Home,Public-key modular functionalities,grow impactful initiatives,pwelham2h@pen.io
Diverse Movies,Robust neutral forecast,optimize clicks-and-mortar e-tailers,obartoszinskiy@jalbum.net
flexibility Toys,Reverse-engineered mission-critical workforce,cultivate sexy technologies,sjobern2j@mozilla.org
Cross-group Health,Multi-channelled non-volatile task-force,target dot-com content,droistonea@archive.org
groupware Books,Profound discrete functionalities,generate world-class e-commerce,ashillington1o@ycombinator.com
projection Jewelery,Managed analyzing budgetary management,benchmark collaborative platforms,ahinkley16@quantcast.com
Re-engineered Jewelery,Switchable holistic solution,envisioneer mission-critical users,jspenleyh@cisco.com
approach Tools,Sharable optimal portal,unleash bricks-and-clicks relationships,acheetam2m@is.gd
functionalities Toys,Robust maximized artificial intelligence,benchmark web-enabled experiences,cmiddler2g@flickr.com
uniform Shoes,Exclusive 3rd generation function,disintermediate B2C vortals,krubberts4@jiathis.com
Graphical User Interface Music,Distributed next generation process improvement,recontextualize visionary models,elerwell19@ucoz.com
customer loyalty Movies,Future-proofed bandwidth-monitored website,e-enable seamless networks,vcarnier2f@virginia.edu
holistic Grocery,Pre-emptive tertiary info-mediaries,orchestrate dynamic schemas,mskaife2r@ca.gov
Cross-platform Health,Re-contextualized clear-thinking product,implement impactful vortals,rsatcheru@jalbum.net
emulation Electronics,Expanded explicit conglomeration,transition out-of-the-box channels,zbroomhall13@mac.com
Face to face Electronics,Polarised full-range challenge,syndicate best-of-breed e-business,mmuggach1v@army.mil
Stand-alone Outdoors,Streamlined well-modulated paradigm,unleash next-generation e-services,aranyard18@springer.com
algorithm Industrial,Enterprise-wide 24 hour project,extend viral interfaces,bgrubbec@biblegateway.com
Advanced Baby,Phased transitional encoding,innovate sexy partnerships,skleisle1q@mayoclinic.com
eco-centric Industrial,Function-based hybrid infrastructure,integrate value-added mindshare,acheetam2m@is.gd
empowering Beauty,Versatile needs-based functionalities,grow world-class convergence,iniche1g@technorati.com
client-driven Garden,Function-based background process improvement,envisioneer sticky e-services,teykelhof1h@com.com
national Garden,Ergonomic uniform monitoring,seize clicks-and-mortar web services,hclavey15@engadget.com
analyzer Computers,Profit-focused homogeneous support,streamline innovative content,ltootin6@livejournal.com
bottom-line Games,Robust systemic parallelism,iterate integrated e-markets,bridges29@miibeian.gov.cn
Stand-alone Music,Fully-configurable mission-critical customer loyalty,revolutionize interactive ROI,lchristoforo@house.gov
capacity Electronics,Pre-emptive background synergy,target interactive supply-chains,hfoley2p@istockphoto.com
asymmetric Baby,Secured analyzing Graphical User Interface,enhance web-enabled platforms,jpaschke22@java.com
emulation Sports,Down-sized intermediate emulation,syndicate vertical infomediaries,tmeader1n@fotki.com
software Garden,Customizable multimedia collaboration,reintermediate plug-and-play e-tailers,hsealey2b@dagondesign.com
project Computers,Universal value-added complexity,streamline B2B e-tailers,ltootin6@livejournal.com
national Outdoors,Phased contextually-based middleware,aggregate B2B action-items,cdufore1w@ucoz.ru
