nama_toko,jasa_kirim
solution-oriented Electronics,J&T EXPRESS
analyzing Computers,PAHALA
Future-proofed Toys,WAHANA
installation Computers,PAHALA
project Tools,TIKI REGULER
project Computers,JNE YES
reciprocal Health,TIKI REGULER
Centralized Home,POS PAKET BIASA
monitoring Books,TIKI REGULER
functionalities Toys,POS PAKET KILAT
Decentralized Grocery,WAHANA
installation Computers,TIKI REGULER
Future-proofed Toys,WAHANA
time-frame Health,JNE REGULER
asynchronous Industrial,WAHANA
groupware Books,POS PAKET BIASA
non-volatile Games,POS PAKET BIASA
Business-focused Jewelery,PAHALA
conglomeration Jewelery,JNE OKE
alliance Toys,JNE REGULER
circuit Automotive,JNE YES
analyzer Computers,JNE REGULER
mission-critical Electronics,POS PAKET KILAT
Robust Garden,WAHANA
Up-sized Movies,PAHALA
Future-proofed Toys,JNE REGULER
Implemented Grocery,JNE REGULER
knowledge base Games,WAHANA
customer loyalty Movies,POS PAKET BIASA
monitoring Books,JNE REGULER
global Tools,J&T EXPRESS
Ameliorated Movies,POS PAKET KILAT
Compatible Outdoors,WAHANA
Advanced Baby,LION PARCEL
algorithm Garden,POS PAKET BIASA
eco-centric Industrial,POS PAKET KILAT
Implemented Grocery,TIKI REGULER
complexity Tools,WAHANA
Persevering Outdoors,WAHANA
groupware Books,LION PARCEL
solution-oriented Baby,JNE REGULER
Persevering Outdoors,LION PARCEL
Customizable Shoes,WAHANA
Diverse Movies,POS PAKET KILAT
algorithm Music,JNE REGULER
task-force Movies,TIKI REGULER
system engine Computers,JNE REGULER
Implemented Games,J&T EXPRESS
circuit Automotive,POS PAKET KILAT
Stand-alone Outdoors,PAHALA
software Garden,JNE YES
software Garden,PAHALA
Implemented Games,WAHANA
tertiary Home,TIKI REGULER
analyzing Computers,POS PAKET BIASA
software Books,TIKI REGULER
asymmetric Baby,J&T EXPRESS
empowering Beauty,LION PARCEL
analyzing Computers,WAHANA
asynchronous Industrial,J&T EXPRESS
Customer-focused Kids,J&T EXPRESS
Re-engineered Jewelery,PAHALA
Secured Baby,LION PARCEL
Implemented Games,LION PARCEL
Stand-alone Music,PAHALA
mission-critical Electronics,LION PARCEL
Compatible Outdoors,LION PARCEL
asynchronous Industrial,POS PAKET KILAT
analyzing Computers,LION PARCEL
grid-enabled Music,PAHALA
Re-contextualized Automotive,JNE YES
Face to face Electronics,POS PAKET BIASA
holistic Shoes,POS PAKET BIASA
functionalities Toys,TIKI REGULER
knowledge base Games,JNE REGULER
algorithm Industrial,JNE OKE
monitoring Books,J&T EXPRESS
analyzer Computers,POS PAKET BIASA
Compatible Outdoors,JNE REGULER
installation Computers,WAHANA
empowering Beauty,LION PARCEL
holistic Shoes,J&T EXPRESS
mission-critical Baby,JNE YES
grid-enabled Music,JNE YES
solution-oriented Baby,PAHALA
Re-engineered Jewelery,JNE OKE
Business-focused Jewelery,PAHALA
Quality-focused Music,JNE REGULER
Face to face Electronics,TIKI REGULER
Stand-alone Music,POS PAKET BIASA
groupware Books,POS PAKET BIASA
radical Movies,PAHALA
instruction set Beauty,LION PARCEL
installation Computers,J&T EXPRESS
frame Beauty,JNE YES
Organic Electronics,TIKI REGULER
reciprocal Health,J&T EXPRESS
functionalities Home,POS PAKET KILAT
approach Kids,J&T EXPRESS
non-volatile Games,J&T EXPRESS
