nama,deskripsi,slogan,email_penjual,lokasi
mission-critical Baby,Re-engineered object-oriented protocol,whiteboard innovative synergies,skleisle1q@mayoclinic.com,"Jl. Oneill no. 893, Savannakhét "
Customer-focused Kids,Phased systemic capability,engage wireless partnerships,dswansborough2o@harvard.edu,"Jl. Parkside no. 24, Marieville J3M"
installation Computers,Enterprise-wide context-sensitive workforce,exploit killer metrics,acallum26@jiathis.com,"Jl. South no. 545, Pontevedra 1761"
non-volatile Games,Cross-group methodical infrastructure,enhance virtual relationships,fcrone1@addtoany.com,"Jl. Steensland no. 685, Čerčany 257 22"
Customizable Shoes,Secured 3rd generation function,morph distributed methodologies,oben17@mozilla.com,"Jl. Oxford no. 464, Maintang "
holistic Shoes,Re-engineered bottom-line installation,extend next-generation synergies,droistonea@archive.org,"Jl. Marcy no. 653, Rozhniv "
bottom-line Computers,Triple-buffered client-server leverage,seize open-source e-business,cdufore1w@ucoz.ru,"Jl. Stuart no. 211, Remedios 052828"
Re-contextualized Automotive,Optional holistic website,reinvent real-time systems,fkingsworth2d@ox.ac.uk,"Jl. Nova no. 613, Canjulao 6309"
Future-proofed Toys,Enhanced bifurcated analyzer,enhance leading-edge deliverables,cduncanson2e@mayoclinic.com,"Jl. Monument no. 773, Tongxing "
instruction set Beauty,Business-focused human-resource solution,strategize virtual solutions,lchristoforo@house.gov,"Jl. Stuart no. 525, Höfn 781"
reciprocal Health,Realigned systemic throughput,drive seamless bandwidth,tmeader1n@fotki.com,"Jl. Dorton no. 987, Manaoag 2430"
actuating Outdoors,Self-enabling cohesive paradigm,leverage leading-edge content,cduncanson2e@mayoclinic.com,"Jl. Bonner no. 503, Illapel "
frame Beauty,Adaptive fresh-thinking standardization,morph sticky e-business,cbrickhill27@skyrock.com,"Jl. Hermina no. 612, Åby 616 32"
conglomeration Jewelery,Networked contextually-based array,optimize open-source solutions,oben17@mozilla.com,"Jl. Hollow Ridge no. 593, Colima 11305"
Realigned Books,De-engineered static task-force,architect user-centric schemas,rarunowiczk@shinystat.com,"Jl. Memorial no. 6, Klakeh "
frame Computers,Self-enabling encompassing toolset,facilitate proactive bandwidth,mbayford1u@slideshare.net,"Jl. Lotheville no. 79, Cikuya "
software Books,Multi-channelled incremental moderator,aggregate next-generation ROI,acheetam2m@is.gd,"Jl. Banding no. 353, Miānwāli 42201"
Secured Baby,Team-oriented homogeneous focus group,envisioneer cross-media platforms,lbambra1c@a8.net,"Jl. Dakota no. 794, Xiaomenjia "
alliance Toys,Pre-emptive 24/7 groupware,target seamless methodologies,ggeroldl@imgur.com,"Jl. Bartillon no. 852, Dawu Chengguanzhen "
functionalities Home,Distributed hybrid policy,extend cross-media systems,tmeader1n@fotki.com,"Jl. Judy no. 92, Daixi "
Organic Electronics,Open-source contextually-based application,morph magnetic e-markets,dswansborough2o@harvard.edu,"Jl. Sunbrook no. 862, An Châu "
Implemented Games,Realigned national application,incentivize back-end bandwidth,jspenleyh@cisco.com,"Jl. Marcy no. 218, Takari "
approach Kids,Digitized zero administration knowledge base,strategize transparent solutions,aparkman1a@blogtalkradio.com,"Jl. Dovetail no. 308, Almelo 7609"
monitoring Books,Expanded dedicated policy,implement next-generation e-business,spabelik1e@ibm.com,"Jl. Mockingbird no. 79, Anolaima 253048"
knowledge base Games,Balanced context-sensitive knowledge user,seize impactful partnerships,rsatcheru@jalbum.net,"Jl. American no. 759, Yanguan "
Future-proofed Baby,Multi-channelled fault-tolerant system engine,cultivate end-to-end portals,mheildsi@yahoo.co.jp,"Jl. Waubesa no. 690, Cipadung Timur "
software Music,De-engineered local core,e-enable leading-edge paradigms,jisworth1m@sourceforge.net,"Jl. Blaine no. 827, Great Neck 11024"
Decentralized Grocery,Networked zero defect open system,engineer collaborative paradigms,tselbyn@hhs.gov,"Jl. Sauthoff no. 902, Sanban "
service-desk Tools,Managed responsive array,visualize interactive solutions,adanbrook28@java.com,"Jl. Kedzie no. 305, Visim 622970"
asynchronous Industrial,Organic context-sensitive complexity,reinvent back-end infrastructures,acallum26@jiathis.com,"Jl. Dayton no. 941, Tupanciretã 98170-000"
empowering Electronics,Networked human-resource model,architect cutting-edge solutions,cbrickhill27@skyrock.com,"Jl. Cambridge no. 124, General Santos 9500"
Robust Garden,Visionary exuding utilisation,facilitate open-source methodologies,jeakley2k@yolasite.com,"Jl. Glendale no. 269, Cikarang "
radical Movies,Advanced uniform service-desk,enable innovative metrics,jeakley2k@yolasite.com,"Jl. Sommers no. 247, Jindu "
complexity Tools,Digitized impactful project,disintermediate value-added e-commerce,lkyston1l@unblog.fr,"Jl. Mockingbird no. 520, Enrekang "
functionality Home,Centralized human-resource knowledge base,evolve strategic deliverables,fcrone1@addtoany.com,"Jl. Coleman no. 157, Bŭstonqala "
bandwidth-monitored Industrial,Organized uniform structure,cultivate e-business communities,aranyard18@springer.com,"Jl. Texas no. 850, Raduzhnyy 601380"
Compatible Outdoors,Virtual attitude-oriented system engine,brand clicks-and-mortar vortals,cfarringtonq@bbb.org,"Jl. Loomis no. 979, Rennes 35033 CEDEX 9"
grid-enabled Music,Visionary encompassing paradigm,recontextualize value-added e-markets,cdufore1w@ucoz.ru,"Jl. Prentice no. 979, Lae 96970"
Robust Home,Persistent foreground parallelism,cultivate e-business solutions,lchristoforo@house.gov,"Jl. Sycamore no. 749, Mogi Guaçu 13840-000"
Ameliorated Movies,Stand-alone tertiary open architecture,seize e-business bandwidth,cduncanson2e@mayoclinic.com,"Jl. Di Loreto no. 486, Bila "
Business-focused Jewelery,Streamlined encompassing archive,scale one-to-one applications,djessope2i@yellowpages.com,"Jl. Vidon no. 987, Santa María Chiquimula 08006"
Quality-focused Music,Public-key radical projection,strategize interactive synergies,vpowder1r@ucoz.ru,"Jl. Annamark no. 590, Marília 17500-000"
analyzing Computers,Multi-tiered context-sensitive migration,facilitate killer users,obartoszinskiy@jalbum.net,"Jl. Crest Line no. 878, Keyinhe "
algorithm Music,Reactive 24/7 application,synthesize visionary applications,dsparrowhawk1k@odnoklassniki.ru,"Jl. Pierstorff no. 418, Verkhniy Kurkuzhin 361515"
project Tools,Front-line maximized toolset,exploit interactive action-items,vback9@tamu.edu,"Jl. Crest Line no. 223, Penedo 4650-080"
task-force Movies,Fundamental bifurcated encryption,whiteboard intuitive paradigms,hwillden1i@fastcompany.com,"Jl. Hintze no. 808, Dąbrowa 88-306"
real-time Automotive,Cloned cohesive website,visualize bleeding-edge ROI,jisworth1m@sourceforge.net,"Jl. Bluejay no. 231, Valdemarsvik 615 95"
Persevering Outdoors,Exclusive background interface,reintermediate wireless experiences,rdelacourt1f@smh.com.au,"Jl. Burrows no. 741, Debrecen 4004"
concept Industrial,Multi-lateral value-added throughput,facilitate robust infrastructures,vback9@tamu.edu,"Jl. Graceland no. 199, Fujioka 999-7638"
explicit Clothing,Inverse zero defect structure,enhance interactive ROI,aparkman1a@blogtalkradio.com,"Jl. Clyde Gallagher no. 401, Vogan "
empowering Books,Multi-lateral uniform groupware,utilize open-source solutions,skleisle1q@mayoclinic.com,"Jl. Stephen no. 161, Maastricht 6204"
time-frame Health,Versatile non-volatile initiative,synthesize cutting-edge content,fkingsworth2d@ox.ac.uk,"Jl. Stoughton no. 301, Novocherkassk 346408"
circuit Automotive,Persistent national monitoring,reinvent dot-com models,cfarringtonq@bbb.org,"Jl. Lunder no. 370, Erdaocha "
system engine Computers,Optional mobile intranet,iterate holistic systems,rsatcheru@jalbum.net,"Jl. Carpenter no. 331, Crespo 3116"
Implemented Grocery,Profit-focused dedicated intranet,utilize viral web-readiness,akyrkemans@sohu.com,"Jl. Hagan no. 675, Chumphon Buri 71180"
analyzer Computers,Inverse client-driven adapter,generate viral web services,rtrevain2c@posterous.com,"Jl. International no. 448, Tamianglayang "
Multi-tiered Health,Re-engineered human-resource attitude,optimize end-to-end experiences,lbambra1c@a8.net,"Jl. Kingsford no. 18, La Mesa 51462"
solution-oriented Electronics,Diverse demand-driven interface,transform front-end infomediaries,hsealey2b@dagondesign.com,"Jl. Waxwing no. 6, Örnsköldsvik 891 20"
eco-centric Outdoors,Object-based responsive focus group,benchmark virtual bandwidth,mbayford1u@slideshare.net,"Jl. Knutson no. 214, Gaplek "
algorithm Garden,Proactive static archive,optimize transparent e-tailers,fkingsworth2d@ox.ac.uk,"Jl. Monument no. 649, Perho 69951"
methodical Automotive,Synergized next generation knowledge base,cultivate scalable models,cmiddler2g@flickr.com,"Jl. Hauk no. 156, Fosca 251837"
tertiary Home,Re-contextualized optimal parallelism,architect plug-and-play solutions,sblevin23@webnode.com,"Jl. Schlimgen no. 464, Klemunan "
global Tools,Centralized leading edge synergy,streamline value-added paradigms,adanbrook28@java.com,"Jl. Laurel no. 714, Turbaco 131008"
task-force Garden,Cross-group client-server moderator,generate user-centric solutions,dswansborough2o@harvard.edu,"Jl. Dahle no. 858, Timóteo 35180-000"
mission-critical Electronics,Vision-oriented regional application,iterate dot-com models,hfoley2p@istockphoto.com,"Jl. Oakridge no. 385, Detroit 48217"
Up-sized Movies,Exclusive stable concept,transition integrated technologies,sblevin23@webnode.com,"Jl. Stephen no. 887, Roshchino 456510"
standardization Automotive,Function-based logistical toolset,architect seamless web services,sblevin23@webnode.com,"Jl. Gale no. 878, Amadora 2610-006"
solution-oriented Baby,Customer-focused background utilisation,evolve open-source partnerships,hfoley2p@istockphoto.com,"Jl. Forest Run no. 352, Cikujang "
Centralized Home,Public-key modular functionalities,grow impactful initiatives,pwelham2h@pen.io,"Jl. Fallview no. 502, Banatsko Karađorđevo "
Diverse Movies,Robust neutral forecast,optimize clicks-and-mortar e-tailers,obartoszinskiy@jalbum.net,"Jl. Stone Corner no. 339, Maoping "
flexibility Toys,Reverse-engineered mission-critical workforce,cultivate sexy technologies,sjobern2j@mozilla.org,"Jl. Browning no. 841, Shalkar "
Cross-group Health,Multi-channelled non-volatile task-force,target dot-com content,droistonea@archive.org,"Jl. Surrey no. 919, Kuhmo 88901"
groupware Books,Profound discrete functionalities,generate world-class e-commerce,ashillington1o@ycombinator.com,"Jl. Reinke no. 751, Polyarnyye Zori 184230"
projection Jewelery,Managed analyzing budgetary management,benchmark collaborative platforms,ahinkley16@quantcast.com,"Jl. Carpenter no. 382, Xinji "
Re-engineered Jewelery,Switchable holistic solution,envisioneer mission-critical users,jspenleyh@cisco.com,"Jl. Nancy no. 717, Ramat HaSharon "
approach Tools,Sharable optimal portal,unleash bricks-and-clicks relationships,acheetam2m@is.gd,"Jl. Donald no. 881, Mahalapye "
functionalities Toys,Robust maximized artificial intelligence,benchmark web-enabled experiences,cmiddler2g@flickr.com,"Jl. Ridge Oak no. 412, Disūq "
uniform Shoes,Exclusive 3rd generation function,disintermediate B2C vortals,krubberts4@jiathis.com,"Jl. Fuller no. 980, Kamubheka "
Graphical User Interface Music,Distributed next generation process improvement,recontextualize visionary models,elerwell19@ucoz.com,"Jl. Dexter no. 748, Sibulan 6201"
customer loyalty Movies,Future-proofed bandwidth-monitored website,e-enable seamless networks,vcarnier2f@virginia.edu,"Jl. Becker no. 367, Bimbo "
holistic Grocery,Pre-emptive tertiary info-mediaries,orchestrate dynamic schemas,mskaife2r@ca.gov,"Jl. Stone Corner no. 129, Fontaínhas 2300-174"
Cross-platform Health,Re-contextualized clear-thinking product,implement impactful vortals,rsatcheru@jalbum.net,"Jl. Erie no. 776, Lulindi "
emulation Electronics,Expanded explicit conglomeration,transition out-of-the-box channels,zbroomhall13@mac.com,"Jl. Westridge no. 884, Babice 37-754"
Face to face Electronics,Polarised full-range challenge,syndicate best-of-breed e-business,mmuggach1v@army.mil,"Jl. Anthes no. 486, Cerro de Pasco "
Stand-alone Outdoors,Streamlined well-modulated paradigm,unleash next-generation e-services,aranyard18@springer.com,"Jl. Banding no. 929, Doubrava 735 33"
algorithm Industrial,Enterprise-wide 24 hour project,extend viral interfaces,bgrubbec@biblegateway.com,"Jl. Morrow no. 517, Argalastí "
Advanced Baby,Phased transitional encoding,innovate sexy partnerships,skleisle1q@mayoclinic.com,"Jl. Granby no. 777, Jieshui "
eco-centric Industrial,Function-based hybrid infrastructure,integrate value-added mindshare,acheetam2m@is.gd,"Jl. Miller no. 760, Casais de Vera Cruz 3025-353"
empowering Beauty,Versatile needs-based functionalities,grow world-class convergence,iniche1g@technorati.com,"Jl. Meadow Valley no. 182, Penebel "
client-driven Garden,Function-based background process improvement,envisioneer sticky e-services,teykelhof1h@com.com,"Jl. Kinsman no. 367, Belo Horizonte 30000-000"
national Garden,Ergonomic uniform monitoring,seize clicks-and-mortar web services,hclavey15@engadget.com,"Jl. Prairie Rose no. 262, Itacarambi 39470-000"
analyzer Computer,Profit-focused homogeneous support,streamline innovative content,ltootin6@livejournal.com,"Jl. Meadow Valley no. 601, Tajan "
bottom-line Games,Robust systemic parallelism,iterate integrated e-markets,bridges29@miibeian.gov.cn,"Jl. Granby no. 223, Budapest 1147"
Stand-alone Music,Fully-configurable mission-critical customer loyalty,revolutionize interactive ROI,lchristoforo@house.gov,"Jl. Scott no. 155, Canis "
capacity Electronics,Pre-emptive background synergy,target interactive supply-chains,hfoley2p@istockphoto.com,"Jl. Arkansas no. 962, Nong Khae 18140"
asymmetric Baby,Secured analyzing Graphical User Interface,enhance web-enabled platforms,jpaschke22@java.com,"Jl. Hoepker no. 557, Malasila 5507"
emulation Sports,Down-sized intermediate emulation,syndicate vertical infomediaries,tmeader1n@fotki.com,"Jl. Maple no. 955, Hudson Bay K2J"
software Garden,Customizable multimedia collaboration,reintermediate plug-and-play e-tailers,hsealey2b@dagondesign.com,"Jl. Shasta no. 531, Vilque "
project Computers,Universal value-added complexity,streamline B2B e-tailers,ltootin6@livejournal.com,"Jl. Eggendart no. 421, Belyye Berega 241902"
national Outdoors,Phased contextually-based middleware,aggregate B2B action-items,cdufore1w@ucoz.ru,"Jl. Melody no. 550, Cinangka "
